step,time,kinetic,potential,total,Px,Py
0,0,0.0945874,-0.11485,-0.020263,4.96022e-18,7.80626e-18
50,0.1,0.0959775,-0.116221,-0.0202434,1.30884e-06,-7.23569e-06
100,0.2,0.100388,-0.120608,-0.02022,-1.11513e-06,-1.19989e-05
150,0.3,0.107877,-0.128081,-0.0202038,5.34866e-06,-2.36409e-05
200,0.4,0.118563,-0.138759,-0.0201953,3.66276e-06,-3.73782e-05
250,0.5,0.132621,-0.152818,-0.0201965,2.87214e-06,-4.66492e-05
300,0.6,0.150281,-0.170489,-0.0202076,1.16661e-06,-4.56454e-05
350,0.7,0.171867,-0.192056,-0.0201892,1.20111e-05,-4.96772e-05
400,0.8,0.197678,-0.217842,-0.0201645,2.36303e-05,-5.86199e-05
450,0.9,0.228071,-0.248187,-0.0201166,3.1967e-05,-8.3862e-05
500,1,0.263343,-0.283364,-0.0200216,2.47933e-05,-0.000101049
550,1.1,0.303438,-0.323382,-0.0199442,1.6046e-05,-0.000107119
600,1.2,0.347627,-0.367542,-0.0199156,3.03122e-05,-0.000139076
650,1.3,0.393769,-0.413681,-0.0199117,5.31193e-05,-0.000139631
700,1.4,0.437245,-0.457121,-0.0198769,6.16134e-05,-0.000154478
750,1.5,0.470716,-0.490466,-0.0197497,0.000113798,-0.000147844
800,1.6,0.486139,-0.50583,-0.0196915,0.000157112,-0.000127841
850,1.7,0.479776,-0.499375,-0.019599,0.000172957,-0.000143876
900,1.8,0.454262,-0.473917,-0.0196553,0.000164826,-0.000138118
950,1.9,0.416575,-0.436296,-0.0197209,0.000149753,-0.000134215
1000,2,0.373648,-0.393436,-0.0197874,0.000147745,-0.000140261
1050,2.1,0.330488,-0.350339,-0.0198507,0.000165797,-0.000173026
1100,2.2,0.289929,-0.309878,-0.0199492,0.000162664,-0.000172358
1150,2.3,0.253397,-0.273401,-0.0200039,0.000155736,-0.000151716
1200,2.4,0.221338,-0.241364,-0.0200258,0.000151049,-0.000162133
1250,2.5,0.193739,-0.213771,-0.0200322,0.00013398,-0.000179554
1300,2.6,0.170356,-0.190409,-0.0200532,0.000131198,-0.000180228
1350,2.7,0.150959,-0.171009,-0.020049,0.000126783,-0.000178693
1400,2.8,0.13525,-0.155315,-0.020065,0.000121009,-0.000186186
1450,2.9,0.123024,-0.143108,-0.0200845,0.000113829,-0.000193316
1500,3,0.114103,-0.134209,-0.0201057,0.000105962,-0.000204014
1550,3.1,0.108342,-0.128471,-0.020129,0.000117076,-0.000224562
1600,3.2,0.105662,-0.125794,-0.0201327,0.000116834,-0.000242047
1650,3.3,0.105998,-0.126127,-0.0201293,0.000111088,-0.000247336
1700,3.4,0.109309,-0.129432,-0.020123,9.03181e-05,-0.000252554
1750,3.5,0.115576,-0.135693,-0.0201173,8.80056e-05,-0.000262941
1800,3.6,0.124785,-0.144898,-0.0201133,7.41095e-05,-0.000276572
1850,3.7,0.136869,-0.15698,-0.0201109,5.1878e-05,-0.00029437
1900,3.8,0.151713,-0.171816,-0.0201038,5.30156e-05,-0.000312089
1950,3.9,0.169268,-0.189344,-0.0200761,4.1669e-05,-0.000318316
2000,4,0.189571,-0.209609,-0.0200379,3.58815e-05,-0.000335184
2050,4.1,0.212683,-0.232685,-0.0200017,3.97247e-05,-0.000366764
2100,4.2,0.238654,-0.258634,-0.0199801,5.08979e-05,-0.000378511
2150,4.3,0.267437,-0.287341,-0.0199039,4.36133e-05,-0.000415173
2200,4.4,0.298517,-0.318332,-0.0198158,2.31255e-05,-0.000428908
2250,4.5,0.330358,-0.350097,-0.0197392,-1.04797e-05,-0.000442535
2300,4.6,0.359987,-0.379664,-0.0196763,-2.85988e-05,-0.000429583
2350,4.7,0.385629,-0.40528,-0.0196506,-2.21631e-05,-0.000447168
2400,4.8,0.405596,-0.425154,-0.0195577,-4.56608e-05,-0.00046905
2450,4.9,0.417705,-0.437154,-0.0194485,-3.95734e-05,-0.000491145
2500,5,0.42022,-0.439661,-0.0194418,-2.46308e-05,-0.000484905
2550,5.1,0.412166,-0.431627,-0.0194609,-2.8097e-05,-0.000470905
2600,5.2,0.394174,-0.413658,-0.0194842,-2.47162e-05,-0.000466134
2650,5.3,0.368455,-0.387993,-0.0195383,-8.11753e-05,-0.000448673
2700,5.4,0.338428,-0.358036,-0.0196078,-0.000134063,-0.000398926
2750,5.5,0.307446,-0.327126,-0.0196805,-0.000144522,-0.000353866
2800,5.6,0.277565,-0.297313,-0.0197477,-0.000195652,-0.000352039
2850,5.7,0.249909,-0.269749,-0.01984,-0.000237428,-0.000338391
2900,5.8,0.225103,-0.245036,-0.0199327,-0.000271765,-0.00033051
2950,5.9,0.20353,-0.223474,-0.0199441,-0.000276196,-0.000326128
3000,6,0.185169,-0.205111,-0.0199424,-0.000289918,-0.000329602
3050,6.1,0.169907,-0.189874,-0.0199677,-0.000318801,-0.000340551
3100,6.2,0.157613,-0.17761,-0.0199968,-0.000335191,-0.000340508
3150,6.3,0.148151,-0.168139,-0.019988,-0.000346393,-0.000303123
3200,6.4,0.141358,-0.161339,-0.0199815,-0.000367201,-0.000285418
3250,6.5,0.13709,-0.157068,-0.019978,-0.000389443,-0.000248858
3300,6.6,0.1352,-0.155156,-0.0199555,-0.00037684,-0.000186904
3350,6.7,0.135534,-0.155469,-0.0199342,-0.000379158,-0.000144672
3400,6.8,0.137991,-0.157897,-0.0199052,-0.000366795,-0.000111504
3450,6.9,0.142668,-0.162542,-0.0198734,-0.000355197,-0.000121487
3500,7,0.149737,-0.169581,-0.0198433,-0.000354279,-0.000118979
3550,7.1,0.159258,-0.179103,-0.0198444,-0.000355349,-0.000119609
3600,7.2,0.171463,-0.191291,-0.0198283,-0.000352604,-9.00064e-05
3650,7.3,0.186306,-0.206134,-0.0198281,-0.000388885,-7.81511e-05
3700,7.4,0.203486,-0.223298,-0.0198112,-0.000471658,-2.27183e-05
3750,7.5,0.222124,-0.24193,-0.0198056,-0.000511749,2.1031e-05
3800,7.6,0.241073,-0.260877,-0.0198035,-0.000542709,2.40879e-05
3850,7.7,0.259848,-0.279625,-0.0197769,-0.000597614,5.68245e-05
3900,7.8,0.278448,-0.298207,-0.0197589,-0.000603803,5.04404e-05
3950,7.9,0.296623,-0.316384,-0.019761,-0.000611157,3.70211e-05
4000,8,0.313321,-0.333023,-0.0197021,-0.000666224,2.94744e-05
4050,8.1,0.327846,-0.347532,-0.0196856,-0.000690375,-2.7277e-06
4100,8.2,0.339542,-0.359235,-0.0196933,-0.00070419,-4.37067e-05
4150,8.3,0.347401,-0.36704,-0.0196383,-0.000717998,-6.09684e-05
4200,8.4,0.350694,-0.370305,-0.0196106,-0.000683901,-6.37115e-05
4250,8.5,0.349322,-0.368934,-0.0196123,-0.000663418,-5.41575e-05
4300,8.6,0.343398,-0.362992,-0.0195935,-0.0006254,-6.65341e-05
4350,8.7,0.332967,-0.352585,-0.0196178,-0.00059565,-4.79821e-05
4400,8.8,0.319165,-0.33875,-0.0195854,-0.000574048,-6.40335e-05
4450,8.9,0.303015,-0.322605,-0.0195897,-0.000559237,-6.27137e-05
4500,9,0.285773,-0.305362,-0.0195891,-0.000563899,-7.2035e-05
4550,9.1,0.268347,-0.287941,-0.0195947,-0.000546625,-6.2578e-05
4600,9.2,0.251606,-0.271216,-0.0196102,-0.000521482,-3.82915e-05
4650,9.3,0.236511,-0.256123,-0.0196112,-0.000505753,-2.1475e-05
4700,9.4,0.223464,-0.243073,-0.0196087,-0.0004739,-2.34354e-05
4750,9.5,0.212491,-0.232115,-0.0196248,-0.000469028,-5.54313e-05
4800,9.6,0.203587,-0.223226,-0.0196389,-0.000430878,-6.50905e-05
4850,9.7,0.196618,-0.216252,-0.0196341,-0.00039372,-6.60706e-05
4900,9.8,0.191427,-0.211059,-0.0196318,-0.00033567,-9.80983e-05
4950,9.9,0.188054,-0.207691,-0.0196362,-0.000283806,-0.000101812
5000,10,0.186222,-0.205831,-0.0196089,-0.000204226,-9.53951e-05
5050,10.1,0.185653,-0.205238,-0.0195845,-0.000177483,-9.79015e-05
5100,10.2,0.186078,-0.205682,-0.0196039,-0.000170388,-7.68205e-05
5150,10.3,0.1874,-0.207008,-0.0196075,-0.00018563,-3.05716e-05
5200,10.4,0.190102,-0.209693,-0.0195906,-0.00018388,-1.69463e-05
5250,10.5,0.194292,-0.213887,-0.0195945,-0.000166552,-4.46362e-06
5300,10.6,0.199852,-0.219432,-0.0195794,-0.000165597,3.28317e-06
5350,10.7,0.206552,-0.226125,-0.0195732,-0.000165275,1.77908e-05
5400,10.8,0.214063,-0.233642,-0.0195793,-0.000156899,2.0485e-05
5450,10.9,0.222165,-0.241734,-0.0195682,-0.000123975,5.12697e-05
5500,11,0.230336,-0.24988,-0.019544,-9.60214e-05,7.55509e-05
5550,11.1,0.238013,-0.257562,-0.0195486,-0.000115782,6.92686e-05
5600,11.2,0.244973,-0.264529,-0.0195562,-0.00014584,5.50423e-05
5650,11.3,0.251264,-0.270822,-0.0195575,-0.000147159,4.59922e-05
5700,11.4,0.25701,-0.276538,-0.0195278,-0.000131232,3.2747e-05
5750,11.5,0.262354,-0.281851,-0.0194967,-0.000139162,4.60238e-05
5800,11.6,0.267159,-0.28661,-0.0194504,-0.000165108,8.53114e-05
5850,11.7,0.271077,-0.290499,-0.0194221,-0.000163803,0.000136685
5900,11.8,0.274101,-0.293515,-0.0194143,-0.00016929,0.000136964
5950,11.9,0.276398,-0.295792,-0.0193946,-0.000174121,0.000131063
6000,12,0.277861,-0.297243,-0.0193818,-0.000210718,0.000113337
6050,12.1,0.278411,-0.297773,-0.0193627,-0.000250517,8.16772e-05
6100,12.2,0.277901,-0.297252,-0.0193509,-0.000298732,6.08975e-05
6150,12.3,0.27593,-0.295258,-0.0193279,-0.000334545,3.0718e-05
6200,12.4,0.272516,-0.291832,-0.0193153,-0.000320643,2.72738e-05
6250,12.5,0.267745,-0.287047,-0.0193027,-0.000289913,5.38034e-07
6300,12.6,0.262366,-0.281671,-0.0193051,-0.000266512,-2.28572e-05
6350,12.7,0.257354,-0.276658,-0.0193045,-0.000271715,-8.41535e-05
6400,12.8,0.252768,-0.272067,-0.0192982,-0.000246367,-0.000146099
6450,12.9,0.248378,-0.267675,-0.0192962,-0.000196251,-0.000170854
6500,13,0.24413,-0.263404,-0.0192742,-0.000166628,-0.000168846
6550,13.1,0.239852,-0.259087,-0.0192349,-0.000146895,-0.000195149
6600,13.2,0.23547,-0.254679,-0.0192098,-0.000147062,-0.000232592
6650,13.3,0.231203,-0.250393,-0.0191906,-0.000126479,-0.000247437
6700,13.4,0.227346,-0.246513,-0.019167,-0.000137888,-0.000243359
6750,13.5,0.224029,-0.243186,-0.0191565,-0.000143883,-0.0002809
6800,13.6,0.221483,-0.240624,-0.0191412,-0.000153714,-0.000308885
6850,13.7,0.220096,-0.239215,-0.0191191,-0.000145866,-0.000318436
6900,13.8,0.220176,-0.239288,-0.019112,-0.000154759,-0.000280218
6950,13.9,0.221685,-0.2408,-0.0191145,-0.000161963,-0.000277319
7000,14,0.22423,-0.243348,-0.0191179,-0.000171607,-0.000276451
7050,14.1,0.227447,-0.24656,-0.0191129,-0.000193248,-0.000248495
7100,14.2,0.231308,-0.250424,-0.0191157,-0.000223738,-0.000230301
7150,14.3,0.235971,-0.255077,-0.0191054,-0.000248681,-0.000244394
7200,14.4,0.241401,-0.260485,-0.0190833,-0.000250195,-0.000277287
7250,14.5,0.246531,-0.265611,-0.0190805,-0.000232699,-0.000248384
7300,14.6,0.25096,-0.270081,-0.0191203,-0.000237147,-0.000241385
7350,14.7,0.254375,-0.273512,-0.0191372,-0.000243637,-0.000217077
7400,14.8,0.256885,-0.276002,-0.0191167,-0.000215233,-0.00019374
7450,14.9,0.25849,-0.2776,-0.0191102,-0.000241882,-0.000161829
7500,15,0.258987,-0.278083,-0.0190962,-0.000243979,-0.000159614
7550,15.1,0.258439,-0.277506,-0.0190666,-0.000209733,-0.000124241
7600,15.2,0.256996,-0.276049,-0.019053,-0.000204486,-9.43264e-05
7650,15.3,0.254599,-0.273639,-0.0190402,-0.000225405,-7.57034e-05
7700,15.4,0.251716,-0.270739,-0.0190233,-0.000228972,-7.74557e-05
7750,15.5,0.248482,-0.267507,-0.0190259,-0.000240376,-0.000126536
7800,15.6,0.245142,-0.264154,-0.0190123,-0.000253602,-0.000135525
7850,15.7,0.242085,-0.261083,-0.0189978,-0.000263217,-0.000129553
7900,15.8,0.239074,-0.258067,-0.0189921,-0.000282721,-0.000131721
7950,15.9,0.236206,-0.2552,-0.0189941,-0.000282862,-0.000119164
8000,16,0.234005,-0.252985,-0.0189797,-0.000286031,-0.000103205
8050,16.1,0.232698,-0.251695,-0.0189976,-0.000302862,-8.24042e-05
8100,16.2,0.231961,-0.250971,-0.01901,-0.000293128,-7.59883e-05
8150,16.3,0.231177,-0.250193,-0.0190164,-0.00028831,-6.57844e-05
8200,16.4,0.230537,-0.249551,-0.0190143,-0.000302396,-7.85628e-05
8250,16.5,0.230309,-0.249328,-0.0190186,-0.000320104,-9.00062e-05
8300,16.6,0.230815,-0.249827,-0.0190121,-0.000357435,-0.000120716
8350,16.7,0.232332,-0.251349,-0.0190172,-0.000356955,-0.000141979
8400,16.8,0.23491,-0.253948,-0.0190388,-0.000320606,-0.000148612
8450,16.9,0.238113,-0.257152,-0.0190395,-0.000320224,-0.000143675
8500,17,0.241298,-0.260331,-0.0190336,-0.000353919,-0.000157346
8550,17.1,0.244666,-0.263698,-0.0190317,-0.000366112,-0.000161806
8600,17.2,0.247994,-0.267016,-0.0190215,-0.000385372,-0.000145465
8650,17.3,0.250779,-0.269778,-0.0189997,-0.00041461,-0.000148816
8700,17.4,0.252941,-0.271939,-0.0189978,-0.000419088,-0.000148276
8750,17.5,0.25431,-0.273302,-0.0189924,-0.000436936,-0.000141945
8800,17.6,0.254843,-0.273827,-0.0189839,-0.000441455,-0.00014694
8850,17.7,0.255029,-0.274015,-0.018986,-0.000434317,-0.000143823
8900,17.8,0.255017,-0.273979,-0.0189626,-0.000451228,-0.000121806
8950,17.9,0.254274,-0.273231,-0.0189571,-0.000461021,-0.000102851
9000,18,0.252582,-0.271549,-0.0189669,-0.000462661,-0.000103076
9050,18.1,0.250569,-0.269558,-0.018989,-0.000456984,-9.5548e-05
9100,18.2,0.248702,-0.267714,-0.0190124,-0.000444311,-0.000110898
9150,18.3,0.246865,-0.26589,-0.0190247,-0.000479497,-0.000134534
9200,18.4,0.245038,-0.264073,-0.0190348,-0.000494976,-0.00014917
9250,18.5,0.24337,-0.26241,-0.0190399,-0.000495277,-0.000155415
9300,18.6,0.242076,-0.261115,-0.0190388,-0.000467977,-0.000156294
9350,18.7,0.241368,-0.260409,-0.0190411,-0.000440154,-0.000139192
9400,18.8,0.24125,-0.260276,-0.0190262,-0.000425281,-0.000124202
9450,18.9,0.241555,-0.260585,-0.0190303,-0.000419799,-0.000102762
9500,19,0.242021,-0.261041,-0.0190207,-0.000415796,-9.24006e-05
9550,19.1,0.242427,-0.261451,-0.019024,-0.000427275,-6.30351e-05
9600,19.2,0.242446,-0.261483,-0.019037,-0.000442781,-6.53553e-05
9650,19.3,0.241902,-0.260933,-0.0190311,-0.000444395,-4.865e-05
9700,19.4,0.241103,-0.260119,-0.019016,-0.000420206,-3.84488e-05
9750,19.5,0.240444,-0.259464,-0.0190202,-0.000404201,-4.05439e-05
9800,19.6,0.239922,-0.258932,-0.0190106,-0.000386858,-0.000108991
9850,19.7,0.23955,-0.258547,-0.0189973,-0.000375026,-0.000117539
9900,19.8,0.239089,-0.258088,-0.0189987,-0.000360425,-8.89348e-05
9950,19.9,0.238779,-0.257768,-0.0189895,-0.000332635,-7.28041e-05
10000,20,0.238792,-0.257783,-0.0189911,-0.000338856,-5.04461e-05
10050,20.1,0.239036,-0.258017,-0.0189812,-0.000351843,-5.94783e-06
10100,20.2,0.239527,-0.258496,-0.0189692,-0.000336281,1.2925e-05
10150,20.3,0.240305,-0.259279,-0.0189743,-0.000356011,2.82098e-05
10200,20.4,0.241477,-0.260438,-0.0189612,-0.000374374,4.98711e-05
10250,20.5,0.242993,-0.261967,-0.0189743,-0.000388461,6.04026e-05
10300,20.6,0.24446,-0.263451,-0.0189916,-0.000398048,7.20013e-05
10350,20.7,0.245559,-0.26456,-0.0190009,-0.000393736,6.45736e-05
10400,20.8,0.246412,-0.265415,-0.0190029,-0.000417164,7.90476e-05
10450,20.9,0.247148,-0.26616,-0.0190118,-0.00043599,7.56913e-05
10500,21,0.247689,-0.266722,-0.0190333,-0.00043671,6.9666e-05
10550,21.1,0.248089,-0.267135,-0.0190461,-0.000435823,9.51901e-05
10600,21.2,0.248479,-0.267557,-0.0190785,-0.000422558,0.000106913
10650,21.3,0.248965,-0.268041,-0.0190752,-0.000425388,8.93881e-05
10700,21.4,0.24911,-0.268161,-0.0190518,-0.00044562,7.39288e-05
10750,21.5,0.248475,-0.267515,-0.0190394,-0.000432305,6.068e-05
10800,21.6,0.247051,-0.266068,-0.0190173,-0.000426789,4.02092e-05
10850,21.7,0.245122,-0.26414,-0.0190178,-0.000410507,4.15555e-05
10900,21.8,0.243099,-0.262132,-0.0190331,-0.000401915,2.90314e-05
10950,21.9,0.241449,-0.26046,-0.0190111,-0.000429056,1.56994e-05
11000,22,0.24019,-0.25919,-0.0189995,-0.000418722,1.44802e-05
11050,22.1,0.239433,-0.258428,-0.018995,-0.000403376,1.70901e-05
11100,22.2,0.239027,-0.258026,-0.0189998,-0.000390836,2.19358e-05
11150,22.3,0.238749,-0.257754,-0.019005,-0.00037517,3.46795e-05
11200,22.4,0.238608,-0.257616,-0.0190073,-0.000346277,2.90807e-05
11250,22.5,0.238879,-0.257869,-0.0189904,-0.000309248,7.0686e-06
11300,22.6,0.239356,-0.258337,-0.0189804,-0.000289816,-2.59678e-05
11350,22.7,0.239804,-0.258796,-0.0189919,-0.000275023,-3.75428e-05
11400,22.8,0.240421,-0.259405,-0.0189845,-0.000284893,-4.38883e-05
11450,22.9,0.240902,-0.259857,-0.0189552,-0.000283712,-3.26175e-05
11500,23,0.240798,-0.259741,-0.0189432,-0.000300815,-4.71305e-05
11550,23.1,0.240747,-0.259698,-0.0189506,-0.000289661,-6.29922e-05
11600,23.2,0.24105,-0.260017,-0.0189664,-0.000302547,-6.44881e-05
11650,23.3,0.241491,-0.260476,-0.0189856,-0.000289916,-4.90613e-05
11700,23.4,0.241773,-0.260772,-0.0189987,-0.000251262,-3.7788e-05
11750,23.5,0.242037,-0.261029,-0.018992,-0.000238377,-7.87123e-05
11800,23.6,0.242429,-0.261415,-0.018986,-0.000239577,-9.23973e-05
11850,23.7,0.243214,-0.26221,-0.018996,-0.000247488,-7.468e-05
11900,23.8,0.244287,-0.263288,-0.019001,-0.000241106,-6.59549e-05
11950,23.9,0.245528,-0.264523,-0.0189951,-0.000223955,-9.0357e-05
12000,24,0.24707,-0.266063,-0.0189933,-0.000208741,-8.88662e-05
12050,24.1,0.248571,-0.267535,-0.0189649,-0.000190059,-7.52019e-05
12100,24.2,0.249456,-0.268396,-0.0189404,-0.00017976,-4.26815e-05
12150,24.3,0.250008,-0.268938,-0.0189295,-0.000151891,-3.97376e-05
12200,24.4,0.250797,-0.269718,-0.0189211,-0.000153825,-5.08935e-05
12250,24.5,0.251607,-0.270528,-0.0189218,-0.000161245,-2.38556e-05
12300,24.6,0.252113,-0.27106,-0.0189465,-0.000168683,-1.08975e-05
12350,24.7,0.252403,-0.271363,-0.0189595,-0.000169408,-5.78201e-06
12400,24.8,0.25228,-0.271256,-0.0189755,-0.000194141,-2.13718e-05
12450,24.9,0.251654,-0.270627,-0.0189737,-0.000193056,-2.2103e-05
12500,25,0.250631,-0.269597,-0.0189661,-0.00019521,-2.44225e-05
12550,25.1,0.249186,-0.268161,-0.0189752,-0.000197898,-4.16058e-05
12600,25.2,0.247432,-0.266421,-0.0189897,-0.000211682,-5.19773e-05
12650,25.3,0.245451,-0.264452,-0.0190012,-0.0002189,-4.81555e-05
12700,25.4,0.243483,-0.262487,-0.0190038,-0.000225217,-1.64195e-05
12750,25.5,0.241842,-0.260854,-0.0190113,-0.00021294,-3.0836e-05
12800,25.6,0.240254,-0.259272,-0.0190181,-0.000201711,-4.3381e-05
12850,25.7,0.238354,-0.257392,-0.0190375,-0.000232814,-5.62664e-05
12900,25.8,0.23637,-0.255414,-0.0190442,-0.000225828,-5.24124e-05
12950,25.9,0.234854,-0.253896,-0.0190415,-0.000189813,-4.39778e-05
13000,26,0.23417,-0.253206,-0.0190363,-0.0001878,-5.07967e-05
13050,26.1,0.234123,-0.253171,-0.0190484,-0.000197507,-6.82489e-05
13100,26.2,0.234545,-0.253594,-0.0190491,-0.000223446,-9.44006e-05
13150,26.3,0.2351,-0.254148,-0.0190476,-0.00023023,-0.00012633
13200,26.4,0.235684,-0.254731,-0.0190461,-0.0002182,-0.000135835
13250,26.5,0.236562,-0.255598,-0.019036,-0.000209938,-0.000123605
13300,26.6,0.237528,-0.25657,-0.0190418,-0.000193629,-0.000121356
13350,26.7,0.238239,-0.25726,-0.0190201,-0.000202445,-0.000110248
13400,26.8,0.238923,-0.257935,-0.0190122,-0.000239035,-0.000129189
13450,26.9,0.239877,-0.258885,-0.0190081,-0.000265781,-0.000122733
13500,27,0.241107,-0.260124,-0.0190165,-0.000259847,-0.000127581
13550,27.1,0.242568,-0.261598,-0.01903,-0.000258139,-0.000137498
13600,27.2,0.244246,-0.263283,-0.0190367,-0.000268957,-0.000146444
13650,27.3,0.245773,-0.26483,-0.0190575,-0.0002629,-0.000149424
13700,27.4,0.246855,-0.265945,-0.0190905,-0.000255517,-0.000167529
13750,27.5,0.247543,-0.266643,-0.0191003,-0.000243678,-0.000177285
13800,27.6,0.247873,-0.266972,-0.0190996,-0.000259356,-0.000184412
13850,27.7,0.24808,-0.267184,-0.0191037,-0.000283392,-0.000186793
13900,27.8,0.248413,-0.267505,-0.0190914,-0.000296039,-0.000189675
13950,27.9,0.248767,-0.267858,-0.0190903,-0.000302702,-0.000204802
14000,28,0.249046,-0.268131,-0.0190856,-0.000299834,-0.000179952
14050,28.1,0.249226,-0.268303,-0.0190768,-0.000278903,-0.000186343
14100,28.2,0.249351,-0.268421,-0.0190696,-0.000273446,-0.000194276
14150,28.3,0.249212,-0.268296,-0.0190843,-0.0002625,-0.000199919
14200,28.4,0.248975,-0.268064,-0.0190886,-0.00026744,-0.00019439
14250,28.5,0.248706,-0.267797,-0.0190911,-0.000280924,-0.000177571
14300,28.6,0.248265,-0.267377,-0.0191118,-0.000275066,-0.000156151
14350,28.7,0.247582,-0.266722,-0.0191403,-0.000275497,-0.000149926
14400,28.8,0.246506,-0.265636,-0.0191304,-0.0002754,-0.000163758
14450,28.9,0.245181,-0.264314,-0.0191333,-0.000273177,-0.000155377
14500,29,0.243883,-0.263025,-0.0191419,-0.000293507,-0.000177396
14550,29.1,0.242767,-0.261911,-0.0191437,-0.000267085,-0.000186464
14600,29.2,0.241954,-0.261082,-0.0191276,-0.000263371,-0.000175776
14650,29.3,0.241414,-0.260519,-0.0191042,-0.000247208,-0.000156261
14700,29.4,0.240829,-0.259924,-0.0190956,-0.000255975,-0.00011469
14750,29.5,0.239943,-0.259037,-0.0190946,-0.000289473,-0.000103495
14800,29.6,0.238985,-0.258077,-0.0190928,-0.000309278,-8.58186e-05
14850,29.7,0.238113,-0.257205,-0.0190922,-0.000322422,-4.72095e-05
14900,29.8,0.237143,-0.256243,-0.0191002,-0.000325842,-6.96339e-05
14950,29.9,0.236281,-0.255382,-0.0191005,-0.000321099,-9.08388e-05
15000,30,0.235704,-0.254796,-0.0190921,-0.000330097,-0.000101324
15050,30.1,0.235781,-0.254858,-0.0190774,-0.000344415,-9.74047e-05
15100,30.2,0.236461,-0.255532,-0.0190708,-0.000372511,-8.20867e-05
15150,30.3,0.237702,-0.256754,-0.0190521,-0.000362498,-8.08772e-05
15200,30.4,0.239599,-0.258653,-0.0190545,-0.000355867,-9.0764e-05
15250,30.5,0.242063,-0.261104,-0.019041,-0.000359595,-9.06626e-05
15300,30.6,0.245027,-0.264051,-0.0190234,-0.000371355,-9.89382e-05
15350,30.7,0.248213,-0.267215,-0.0190026,-0.000386506,-0.000101019
15400,30.8,0.251085,-0.270078,-0.0189925,-0.000393871,-8.88895e-05
15450,30.9,0.253114,-0.272099,-0.0189848,-0.000390552,-6.96373e-05
15500,31,0.253839,-0.272824,-0.0189847,-0.000397845,-5.9008e-05
15550,31.1,0.253466,-0.272446,-0.0189799,-0.000394326,-5.17049e-05
15600,31.2,0.252516,-0.271491,-0.0189747,-0.000399746,-4.05637e-05
15650,31.3,0.251194,-0.270164,-0.0189698,-0.000368779,-3.5054e-05
15700,31.4,0.24965,-0.268641,-0.0189913,-0.000345091,-4.34152e-05
15750,31.5,0.247976,-0.26697,-0.0189944,-0.000349734,-4.06756e-05
15800,31.6,0.246294,-0.265286,-0.0189921,-0.000359355,-6.36781e-05
15850,31.7,0.244539,-0.263535,-0.0189959,-0.000376854,-0.000105051
15900,31.8,0.24279,-0.261787,-0.0189973,-0.00038299,-0.000103531
15950,31.9,0.241198,-0.260209,-0.0190115,-0.000369587,-9.38374e-05
16000,32,0.239836,-0.258857,-0.0190208,-0.000357069,-9.66748e-05
16050,32.1,0.238655,-0.257685,-0.01903,-0.000346686,-9.4687e-05
16100,32.2,0.237988,-0.257036,-0.0190487,-0.000350504,-0.000103777
16150,32.3,0.237622,-0.256664,-0.0190422,-0.000354984,-0.000112255
16200,32.4,0.237569,-0.256603,-0.0190338,-0.000361198,-0.000144696
16250,32.5,0.237722,-0.256754,-0.0190314,-0.000343876,-0.000173566
16300,32.6,0.238104,-0.257134,-0.0190304,-0.000323173,-0.000156887
16350,32.7,0.238899,-0.257904,-0.0190051,-0.000315073,-0.000163562
16400,32.8,0.239997,-0.258977,-0.0189799,-0.00033466,-0.000196351
16450,32.9,0.241122,-0.260098,-0.018976,-0.000340538,-0.00020795
16500,33,0.24205,-0.261027,-0.0189777,-0.000345721,-0.000211554
16550,33.1,0.242916,-0.261901,-0.0189855,-0.000339532,-0.000222932
16600,33.2,0.243724,-0.262697,-0.0189729,-0.000357035,-0.00023927
16650,33.3,0.244349,-0.263313,-0.0189642,-0.000359367,-0.000248289
16700,33.4,0.244832,-0.263789,-0.0189571,-0.000333129,-0.000271732
16750,33.5,0.245351,-0.264291,-0.0189401,-0.000322934,-0.000285273
16800,33.6,0.245883,-0.264815,-0.0189319,-0.000307721,-0.000289551
16850,33.7,0.246302,-0.265243,-0.0189408,-0.000315954,-0.000291492
16900,33.8,0.246467,-0.265438,-0.0189711,-0.000308291,-0.000312515
16950,33.9,0.246308,-0.265297,-0.0189892,-0.000313966,-0.000334128
17000,34,0.246034,-0.265012,-0.0189781,-0.000332427,-0.000327855
17050,34.1,0.245953,-0.264919,-0.0189655,-0.000342949,-0.000331132
17100,34.2,0.246071,-0.265041,-0.0189699,-0.000356403,-0.000323793
17150,34.3,0.246406,-0.265386,-0.0189798,-0.000355791,-0.000318517
17200,34.4,0.246895,-0.265898,-0.0190031,-0.000361647,-0.000326061
17250,34.5,0.247072,-0.266086,-0.0190134,-0.000346403,-0.000329312
17300,34.6,0.246521,-0.26555,-0.0190293,-0.000348233,-0.000300734
17350,34.7,0.245451,-0.264493,-0.0190417,-0.000371155,-0.000275175
17400,34.8,0.244038,-0.263081,-0.0190436,-0.000409549,-0.000280882
17450,34.9,0.242619,-0.261675,-0.0190562,-0.000401351,-0.00030924
17500,35,0.241419,-0.260476,-0.019057,-0.00039937,-0.000304436
17550,35.1,0.240531,-0.25958,-0.0190498,-0.000411479,-0.000313457
17600,35.2,0.240033,-0.259088,-0.0190557,-0.00043414,-0.000307912
17650,35.3,0.239782,-0.258826,-0.0190447,-0.000454836,-0.000301633
17700,35.4,0.239674,-0.258716,-0.0190412,-0.000449407,-0.000312172
17750,35.5,0.239737,-0.258765,-0.0190282,-0.000451767,-0.000331742
17800,35.6,0.240038,-0.259061,-0.0190227,-0.00046425,-0.000342963
17850,35.7,0.240724,-0.259734,-0.0190098,-0.000469493,-0.000339946
17900,35.8,0.24165,-0.260655,-0.0190052,-0.000443109,-0.000343096
17950,35.9,0.242552,-0.261568,-0.0190158,-0.000413761,-0.000339313
18000,36,0.243246,-0.262261,-0.0190151,-0.000417825,-0.000324565
18050,36.1,0.243757,-0.262759,-0.0190011,-0.000427659,-0.000308157
18100,36.2,0.244212,-0.263202,-0.0189897,-0.000430974,-0.000307083
18150,36.3,0.24474,-0.263714,-0.0189737,-0.000425753,-0.000311262
18200,36.4,0.245191,-0.264142,-0.0189514,-0.000427954,-0.000327044
18250,36.5,0.245191,-0.264129,-0.0189379,-0.000441023,-0.000326826
18300,36.6,0.244843,-0.263775,-0.0189324,-0.000419515,-0.000342664
18350,36.7,0.244586,-0.263519,-0.0189326,-0.000410499,-0.000334226
18400,36.8,0.244419,-0.263348,-0.018929,-0.000424456,-0.000301851
18450,36.9,0.244372,-0.263314,-0.0189421,-0.00043009,-0.000289874
18500,37,0.244478,-0.263414,-0.0189362,-0.000413263,-0.000277821
18550,37.1,0.244547,-0.263482,-0.0189353,-0.000413019,-0.000282243
18600,37.2,0.244722,-0.263665,-0.0189433,-0.000434899,-0.000291597
18650,37.3,0.244989,-0.263933,-0.0189436,-0.000434748,-0.00029573
18700,37.4,0.245334,-0.264275,-0.0189413,-0.000410788,-0.000269667
18750,37.5,0.245934,-0.264868,-0.0189335,-0.000398699,-0.00024521
18800,37.6,0.246715,-0.265632,-0.0189167,-0.000390516,-0.000241063
18850,37.7,0.247516,-0.266428,-0.0189113,-0.000399245,-0.000258214
18900,37.8,0.248064,-0.266967,-0.0189033,-0.000400974,-0.000245783
18950,37.9,0.248143,-0.267052,-0.0189095,-0.000404313,-0.000274111
19000,38,0.247666,-0.266575,-0.0189094,-0.000385967,-0.00029397
19050,38.1,0.246724,-0.265639,-0.0189154,-0.00039028,-0.000280801
19100,38.2,0.245489,-0.264392,-0.0189029,-0.000400005,-0.000294843
19150,38.3,0.244138,-0.263039,-0.0189005,-0.000430104,-0.00028474
19200,38.4,0.242759,-0.261658,-0.0188992,-0.000443538,-0.000286862
19250,38.5,0.241176,-0.260072,-0.0188961,-0.000424947,-0.000267729
19300,38.6,0.239456,-0.258374,-0.0189178,-0.0004161,-0.000240299
19350,38.7,0.238072,-0.257009,-0.0189368,-0.000434788,-0.000228325
19400,38.8,0.237229,-0.256183,-0.0189534,-0.000429524,-0.000216625
19450,38.9,0.236826,-0.255784,-0.0189582,-0.000420823,-0.000223058
19500,39,0.236652,-0.255619,-0.0189672,-0.000406956,-0.000201812
19550,39.1,0.236573,-0.25554,-0.0189673,-0.00040467,-0.000186515
19600,39.2,0.236763,-0.255743,-0.0189796,-0.000398552,-0.000198416
19650,39.3,0.237155,-0.256136,-0.0189806,-0.000423466,-0.00020735
19700,39.4,0.237766,-0.256735,-0.0189696,-0.000436844,-0.000218279
19750,39.5,0.238725,-0.257684,-0.0189596,-0.000452594,-0.000220365
19800,39.6,0.239861,-0.258808,-0.0189473,-0.000452871,-0.000218577
19850,39.7,0.241173,-0.260138,-0.0189649,-0.000461124,-0.000219975
19900,39.8,0.242393,-0.261369,-0.0189759,-0.00047799,-0.000245539
19950,39.9,0.243561,-0.262524,-0.0189633,-0.000439926,-0.000215498
20000,40,0.244576,-0.263531,-0.0189552,-0.000415451,-0.000210514
20050,40.1,0.245541,-0.264489,-0.0189477,-0.000397256,-0.000194831
20100,40.2,0.246345,-0.265321,-0.0189761,-0.000417374,-0.000227515
20150,40.3,0.247141,-0.266148,-0.0190066,-0.000405175,-0.000243078
20200,40.4,0.248004,-0.267015,-0.0190108,-0.000411291,-0.000269081
20250,40.5,0.249071,-0.268078,-0.0190073,-0.000425699,-0.000302418
20300,40.6,0.250198,-0.269213,-0.0190151,-0.00043422,-0.000340398
20350,40.7,0.250879,-0.269899,-0.0190201,-0.000440139,-0.000362677
20400,40.8,0.251278,-0.270319,-0.0190404,-0.000441473,-0.000363286
20450,40.9,0.251458,-0.270516,-0.019058,-0.000448752,-0.000372055
20500,41,0.251346,-0.27042,-0.0190746,-0.000428777,-0.000367161
20550,41.1,0.250988,-0.270067,-0.0190788,-0.000441537,-0.000374877
20600,41.2,0.250366,-0.26947,-0.0191033,-0.000453482,-0.000387317
20650,41.3,0.249561,-0.268668,-0.0191072,-0.00044344,-0.000389541
20700,41.4,0.248849,-0.267949,-0.0190999,-0.00044368,-0.000381212
20750,41.5,0.248309,-0.267418,-0.0191086,-0.000440022,-0.000384454
20800,41.6,0.247998,-0.267117,-0.0191187,-0.000413681,-0.000388737
20850,41.7,0.247651,-0.266782,-0.0191311,-0.000395783,-0.000395787
20900,41.8,0.247057,-0.266204,-0.0191466,-0.000400258,-0.000384513
20950,41.9,0.246051,-0.2652,-0.0191489,-0.000425579,-0.000396929
21000,42,0.244597,-0.263768,-0.0191711,-0.000416955,-0.000400399
21050,42.1,0.242573,-0.26177,-0.0191968,-0.000420034,-0.000397916
21100,42.2,0.239985,-0.259162,-0.019177,-0.0004213,-0.000414923
21150,42.3,0.237191,-0.256365,-0.0191742,-0.000430783,-0.000419613
21200,42.4,0.234719,-0.253901,-0.0191814,-0.0004144,-0.000413082
21250,42.5,0.232661,-0.251834,-0.0191725,-0.00043404,-0.000388209
21300,42.6,0.231109,-0.250275,-0.0191659,-0.000437992,-0.000359787
21350,42.7,0.230057,-0.24922,-0.0191627,-0.000438267,-0.000335919
21400,42.8,0.229502,-0.248655,-0.0191535,-0.00045428,-0.000366611
21450,42.9,0.229534,-0.248688,-0.0191544,-0.000455312,-0.000375284
21500,43,0.230367,-0.249531,-0.0191641,-0.000471493,-0.000359164
21550,43.1,0.232121,-0.251289,-0.0191679,-0.000500464,-0.00034046
21600,43.2,0.234656,-0.253825,-0.0191688,-0.000532551,-0.000325934
21650,43.3,0.23741,-0.256566,-0.0191558,-0.000517968,-0.00034897
21700,43.4,0.239925,-0.259057,-0.0191316,-0.000537165,-0.000364919
21750,43.5,0.242484,-0.261609,-0.0191248,-0.000544904,-0.000375872
21800,43.6,0.244712,-0.263852,-0.0191394,-0.000530694,-0.000332975
21850,43.7,0.246422,-0.265569,-0.0191475,-0.000509771,-0.000308283
21900,43.8,0.247945,-0.267089,-0.0191437,-0.000490489,-0.000312045
21950,43.9,0.249282,-0.268415,-0.0191333,-0.000500662,-0.000340772
22000,44,0.250518,-0.26964,-0.0191216,-0.000491491,-0.000380688
22050,44.1,0.251568,-0.270688,-0.0191197,-0.000466781,-0.000404706
22100,44.2,0.252356,-0.271475,-0.0191182,-0.000476582,-0.00041064
22150,44.3,0.252837,-0.271959,-0.0191216,-0.000488883,-0.000393384
22200,44.4,0.253115,-0.27224,-0.0191251,-0.000523934,-0.000380045
22250,44.5,0.253244,-0.27236,-0.0191162,-0.000532599,-0.00037746
22300,44.6,0.253172,-0.272285,-0.0191134,-0.000528152,-0.000385312
22350,44.7,0.252928,-0.272029,-0.0191005,-0.000513869,-0.000398799
22400,44.8,0.252258,-0.271351,-0.0190929,-0.000515987,-0.000399291
22450,44.9,0.251471,-0.270558,-0.0190871,-0.000523205,-0.000395819
22500,45,0.250646,-0.269751,-0.0191042,-0.000522832,-0.000426001
22550,45.1,0.249963,-0.26908,-0.0191176,-0.000528704,-0.000426251
22600,45.2,0.249373,-0.268503,-0.0191296,-0.000533966,-0.000433402
22650,45.3,0.24869,-0.267828,-0.0191375,-0.000508411,-0.000425029
22700,45.4,0.247764,-0.266914,-0.0191503,-0.000501717,-0.000451584
22750,45.5,0.246474,-0.265629,-0.0191552,-0.000501371,-0.000478764
22800,45.6,0.244668,-0.263827,-0.0191588,-0.000534066,-0.000508521
22850,45.7,0.242395,-0.261542,-0.0191474,-0.000546318,-0.000506067
22900,45.8,0.240118,-0.259259,-0.0191405,-0.000563606,-0.000503874
22950,45.9,0.238284,-0.257409,-0.0191255,-0.000591035,-0.000492713
23000,46,0.236986,-0.256092,-0.0191061,-0.000607522,-0.000520506
23050,46.1,0.236129,-0.255225,-0.019096,-0.000627737,-0.000538303
23100,46.2,0.235421,-0.254483,-0.0190623,-0.00064048,-0.000536434
23150,46.3,0.234731,-0.253789,-0.0190582,-0.000646849,-0.000527426
23200,46.4,0.234012,-0.253073,-0.0190605,-0.000676982,-0.000514505
23250,46.5,0.233395,-0.252451,-0.0190557,-0.000690985,-0.000518597
23300,46.6,0.233308,-0.252363,-0.0190543,-0.000687032,-0.000517994
23350,46.7,0.233716,-0.25278,-0.0190639,-0.000674151,-0.000521967
23400,46.8,0.234825,-0.253888,-0.0190629,-0.000685554,-0.000511822
23450,46.9,0.236696,-0.255774,-0.0190786,-0.000717521,-0.000518851
23500,47,0.239257,-0.258348,-0.0190918,-0.000745765,-0.000549417
23550,47.1,0.241961,-0.261052,-0.019091,-0.000740645,-0.000560882
23600,47.2,0.244089,-0.263179,-0.0190897,-0.000759808,-0.000561431
23650,47.3,0.245247,-0.26433,-0.0190829,-0.000755069,-0.000548003
23700,47.4,0.245331,-0.264414,-0.0190831,-0.00073571,-0.00053074
23750,47.5,0.244707,-0.263808,-0.0191017,-0.000718381,-0.000518946
23800,47.6,0.243745,-0.262854,-0.019109,-0.000709791,-0.000514861
23850,47.7,0.242664,-0.261781,-0.0191176,-0.000702431,-0.000545932
23900,47.8,0.241777,-0.260879,-0.0191027,-0.000693071,-0.00056349
23950,47.9,0.241175,-0.260271,-0.019096,-0.000704351,-0.000550515
24000,48,0.240921,-0.26002,-0.0190991,-0.000733866,-0.000554599
24050,48.1,0.241119,-0.260207,-0.0190888,-0.000734306,-0.0005494
24100,48.2,0.241941,-0.261011,-0.0190699,-0.000725012,-0.000568779
24150,48.3,0.243215,-0.262279,-0.0190647,-0.00072074,-0.000589827
24200,48.4,0.24492,-0.263939,-0.0190191,-0.000720078,-0.000600394
24250,48.5,0.246773,-0.265767,-0.0189941,-0.000711542,-0.000625799
24300,48.6,0.248629,-0.267605,-0.0189759,-0.000710805,-0.000613626
24350,48.7,0.250098,-0.269069,-0.0189716,-0.000715809,-0.000606892
24400,48.8,0.251199,-0.270183,-0.0189844,-0.000704636,-0.000598116
24450,48.9,0.252087,-0.271102,-0.0190147,-0.000724721,-0.000585554
24500,49,0.252814,-0.271848,-0.0190335,-0.000709756,-0.000581841
24550,49.1,0.253323,-0.272361,-0.0190381,-0.000677178,-0.000578411
24600,49.2,0.25363,-0.272675,-0.0190453,-0.000674731,-0.000587046
24650,49.3,0.253683,-0.272737,-0.0190539,-0.000662276,-0.000571655
24700,49.4,0.253271,-0.272316,-0.0190445,-0.000646781,-0.00056063
24750,49.5,0.252333,-0.271375,-0.0190415,-0.000651854,-0.000547425
24800,49.6,0.251056,-0.270103,-0.0190474,-0.00067092,-0.000542085
24850,49.7,0.250041,-0.269076,-0.0190349,-0.000692192,-0.000536042
24900,49.8,0.249259,-0.268289,-0.0190295,-0.000682634,-0.000526098
24950,49.9,0.248499,-0.267521,-0.0190215,-0.000668558,-0.000533536
25000,50,0.247804,-0.266814,-0.0190102,-0.00065659,-0.000522421
25050,50.1,0.246918,-0.265922,-0.0190031,-0.000667487,-0.000520484
25100,50.2,0.245296,-0.264295,-0.0189989,-0.000648651,-0.000536836
25150,50.3,0.243155,-0.262159,-0.0190038,-0.000611802,-0.00057164
25200,50.4,0.240992,-0.259982,-0.0189908,-0.000611618,-0.000562508
25250,50.5,0.238905,-0.257878,-0.0189723,-0.000578578,-0.000578332
25300,50.6,0.236978,-0.255939,-0.0189613,-0.000597723,-0.000574935
25350,50.7,0.235176,-0.254136,-0.0189605,-0.000566006,-0.000565111
25400,50.8,0.233261,-0.252234,-0.0189732,-0.000545334,-0.00056657
25450,50.9,0.231373,-0.250337,-0.018964,-0.000557485,-0.00057394
25500,51,0.229705,-0.248657,-0.0189521,-0.00055982,-0.000591179
25550,51.1,0.228066,-0.247026,-0.0189605,-0.000550375,-0.000609414
25600,51.2,0.226934,-0.245891,-0.0189573,-0.000560361,-0.000603905
25650,51.3,0.226749,-0.24568,-0.018931,-0.000560643,-0.000593651
25700,51.4,0.227442,-0.246362,-0.0189193,-0.000557161,-0.000584838
25750,51.5,0.228949,-0.247853,-0.0189039,-0.000536706,-0.000573501
25800,51.6,0.231105,-0.249996,-0.0188909,-0.000548237,-0.000588717
25850,51.7,0.233731,-0.252626,-0.0188943,-0.000555325,-0.000599876
25900,51.8,0.236599,-0.255501,-0.0189025,-0.000556556,-0.00057833
25950,51.9,0.239716,-0.25863,-0.0189139,-0.000555421,-0.000565118
26000,52,0.242764,-0.261681,-0.0189177,-0.000576767,-0.000588435
26050,52.1,0.245478,-0.264396,-0.0189171,-0.000568674,-0.000578214
26100,52.2,0.248138,-0.267054,-0.0189153,-0.000579142,-0.00060049
26150,52.3,0.250692,-0.269621,-0.0189284,-0.000548993,-0.000615623
26200,52.4,0.252459,-0.271414,-0.0189547,-0.000543083,-0.000626758
26250,52.5,0.253477,-0.272444,-0.0189671,-0.000544295,-0.000623237
26300,52.6,0.253976,-0.27295,-0.0189744,-0.000546567,-0.000612964
26350,52.7,0.254341,-0.273312,-0.0189713,-0.000537455,-0.000613423
26400,52.8,0.254683,-0.273642,-0.0189595,-0.000540299,-0.00061367
26450,52.9,0.25491,-0.273851,-0.0189408,-0.000547868,-0.000608679
26500,53,0.255129,-0.274061,-0.0189323,-0.000559881,-0.000632905
26550,53.1,0.255062,-0.273994,-0.0189315,-0.000561471,-0.000633841
26600,53.2,0.2547,-0.273628,-0.0189286,-0.000546627,-0.000636483
26650,53.3,0.254082,-0.272977,-0.0188952,-0.000541171,-0.00065548
26700,53.4,0.253103,-0.271991,-0.0188876,-0.000538664,-0.000646552
26750,53.5,0.251895,-0.270807,-0.0189112,-0.000522559,-0.000610207
26800,53.6,0.250939,-0.269874,-0.0189342,-0.000550107,-0.000585123
26850,53.7,0.250369,-0.269326,-0.0189564,-0.000561468,-0.000561374
26900,53.8,0.249991,-0.268963,-0.0189718,-0.000573545,-0.000545291
26950,53.9,0.249588,-0.268567,-0.0189786,-0.000565006,-0.000542389
27000,54,0.249068,-0.268037,-0.0189692,-0.000541116,-0.000527177
27050,54.1,0.247959,-0.266934,-0.018975,-0.00054543,-0.00050641
27100,54.2,0.24619,-0.265168,-0.0189776,-0.000538604,-0.000512653
27150,54.3,0.243917,-0.262901,-0.0189845,-0.000546254,-0.000509947
27200,54.4,0.241021,-0.260034,-0.0190125,-0.000542473,-0.000557219
27250,54.5,0.237719,-0.256724,-0.0190052,-0.000539076,-0.000571232
27300,54.6,0.234693,-0.253694,-0.0190015,-0.000570453,-0.000560925
27350,54.7,0.232186,-0.25116,-0.0189738,-0.000576741,-0.000559933
27400,54.8,0.230385,-0.249356,-0.0189708,-0.000571009,-0.00057429
27450,54.9,0.229284,-0.248259,-0.0189749,-0.000583574,-0.000569069
27500,55,0.228945,-0.247918,-0.0189739,-0.000616715,-0.000576098
27550,55.1,0.229227,-0.24821,-0.0189829,-0.000599499,-0.000596379
27600,55.2,0.230022,-0.249003,-0.0189808,-0.000577993,-0.000600724
27650,55.3,0.231351,-0.250299,-0.0189479,-0.000592655,-0.000587395
27700,55.4,0.232969,-0.251898,-0.0189288,-0.000607345,-0.000607707
27750,55.5,0.234865,-0.253775,-0.0189101,-0.00063326,-0.000589038
27800,55.6,0.236694,-0.255598,-0.0189033,-0.000647903,-0.000591251
27850,55.7,0.238149,-0.257045,-0.0188961,-0.00063265,-0.000602911
27900,55.8,0.239323,-0.25822,-0.0188965,-0.000639412,-0.000600455
27950,55.9,0.240649,-0.259559,-0.01891,-0.000623952,-0.000629742
28000,56,0.242159,-0.261068,-0.0189091,-0.00063403,-0.000646866
28050,56.1,0.243865,-0.262784,-0.0189191,-0.000644217,-0.00062981
28100,56.2,0.245709,-0.264633,-0.0189236,-0.00062645,-0.000621474
28150,56.3,0.247663,-0.26659,-0.0189266,-0.000604807,-0.000603836
28200,56.4,0.249686,-0.268596,-0.0189105,-0.000604651,-0.000612455
28250,56.5,0.251473,-0.270393,-0.0189196,-0.000610968,-0.000604884
28300,56.6,0.252629,-0.271563,-0.0189343,-0.00059831,-0.000595367
28350,56.7,0.253134,-0.27208,-0.0189463,-0.000605579,-0.000592154
28400,56.8,0.252798,-0.271765,-0.0189677,-0.00058989,-0.000553472
28450,56.9,0.251959,-0.270923,-0.0189635,-0.000549435,-0.000524609
28500,57,0.250747,-0.269718,-0.0189706,-0.000535117,-0.000528323
28550,57.1,0.24945,-0.268412,-0.0189622,-0.000545945,-0.000534462
28600,57.2,0.248213,-0.267172,-0.0189587,-0.000554138,-0.000553249
28650,57.3,0.247178,-0.266141,-0.0189625,-0.000564909,-0.000543072
28700,57.4,0.246451,-0.265432,-0.0189808,-0.000568063,-0.000532052
28750,57.5,0.245934,-0.264913,-0.018979,-0.000566955,-0.00050492
28800,57.6,0.245499,-0.264489,-0.0189903,-0.00056492,-0.000487697
28850,57.7,0.245103,-0.2641,-0.0189974,-0.000564595,-0.000496958
28900,57.8,0.24435,-0.263353,-0.0190028,-0.000574417,-0.000501291
28950,57.9,0.243463,-0.262482,-0.0190198,-0.000564095,-0.0005131
29000,58,0.242792,-0.261817,-0.0190248,-0.000561373,-0.000508095
29050,58.1,0.242581,-0.261604,-0.0190224,-0.000558183,-0.000511019
29100,58.2,0.242864,-0.261888,-0.019024,-0.000590737,-0.000519887
29150,58.3,0.243509,-0.262544,-0.0190343,-0.000615515,-0.000534367
29200,58.4,0.244261,-0.263315,-0.0190542,-0.000612499,-0.000524385
29250,58.5,0.244959,-0.264005,-0.0190464,-0.000588571,-0.000517341
29300,58.6,0.245751,-0.264794,-0.0190431,-0.000576345,-0.000524661
29350,58.7,0.246779,-0.265805,-0.0190258,-0.000572805,-0.000530769
29400,58.8,0.247737,-0.26676,-0.0190227,-0.000594816,-0.00056011
29450,58.9,0.24861,-0.267635,-0.0190251,-0.000623464,-0.000557402
29500,59,0.249228,-0.268258,-0.0190293,-0.000620815,-0.000527489
29550,59.1,0.249259,-0.268277,-0.0190176,-0.000615858,-0.000519652
29600,59.2,0.248394,-0.267396,-0.0190018,-0.000627321,-0.000530855
29650,59.3,0.246663,-0.265657,-0.018994,-0.000650653,-0.000534952
29700,59.4,0.24446,-0.263455,-0.018995,-0.000616169,-0.0005307
29750,59.5,0.241957,-0.260952,-0.0189943,-0.000602877,-0.000529395
29800,59.6,0.239346,-0.258321,-0.0189749,-0.000598493,-0.000532922
29850,59.7,0.236844,-0.255808,-0.0189638,-0.000575751,-0.000517564
29900,59.8,0.234885,-0.253852,-0.018967,-0.000574577,-0.000485459
29950,59.9,0.233583,-0.252558,-0.0189758,-0.000590167,-0.000473941
30000,60,0.232785,-0.251767,-0.0189819,-0.000580797,-0.000433324
30050,60.1,0.232582,-0.251557,-0.018975,-0.000577476,-0.000388552
30100,60.2,0.232648,-0.251617,-0.018969,-0.000582262,-0.000360285
30150,60.3,0.232726,-0.251697,-0.0189709,-0.000598208,-0.000363156
30200,60.4,0.232538,-0.251507,-0.018969,-0.000603938,-0.000379697
30250,60.5,0.232127,-0.251099,-0.0189719,-0.00059441,-0.000364503
30300,60.6,0.23221,-0.251175,-0.0189659,-0.00058974,-0.000369522
30350,60.7,0.233141,-0.252113,-0.0189717,-0.000560603,-0.000361333
30400,60.8,0.234822,-0.253815,-0.0189929,-0.000547678,-0.000366502
30450,60.9,0.236948,-0.255943,-0.0189952,-0.000542985,-0.000360996
30500,61,0.239207,-0.258181,-0.0189733,-0.00054202,-0.00036206
30550,61.1,0.241605,-0.260544,-0.0189387,-0.0005593,-0.000360712
30600,61.2,0.244144,-0.263061,-0.0189178,-0.000577102,-0.000358061
30650,61.3,0.246739,-0.265677,-0.0189384,-0.000570279,-0.000337199
30700,61.4,0.249378,-0.268324,-0.0189454,-0.000545743,-0.000316135
30750,61.5,0.252035,-0.270974,-0.018939,-0.000547903,-0.000297834
30800,61.6,0.2547,-0.273621,-0.0189207,-0.000530604,-0.000283717
30850,61.7,0.257069,-0.27596,-0.0188905,-0.000531618,-0.000285869
30900,61.8,0.258607,-0.277496,-0.0188884,-0.000520028,-0.000274284
30950,61.9,0.259506,-0.278412,-0.0189058,-0.000504245,-0.000275647
31000,62,0.259972,-0.278896,-0.0189244,-0.000495342,-0.000296257
31050,62.1,0.259924,-0.27885,-0.0189254,-0.00049813,-0.000304981
31100,62.2,0.259264,-0.278197,-0.0189327,-0.000489259,-0.000297124
31150,62.3,0.257911,-0.276851,-0.0189395,-0.000489354,-0.000308129
31200,62.4,0.255951,-0.274902,-0.018951,-0.000495026,-0.000316462
31250,62.5,0.253296,-0.272265,-0.0189682,-0.00053264,-0.000320459
31300,62.6,0.250353,-0.269313,-0.0189608,-0.000532549,-0.000331447
31350,62.7,0.247716,-0.266675,-0.0189589,-0.000518141,-0.000319825
31400,62.8,0.245628,-0.26459,-0.0189619,-0.000522591,-0.000304927
31450,62.9,0.243947,-0.262898,-0.018951,-0.000535034,-0.00031757
31500,63,0.242383,-0.261329,-0.018946,-0.000525402,-0.000318376
31550,63.1,0.240839,-0.259791,-0.018952,-0.000515055,-0.00031152
31600,63.2,0.239329,-0.258287,-0.0189588,-0.000522071,-0.000326096
31650,63.3,0.237982,-0.256959,-0.018977,-0.000519344,-0.000337663
31700,63.4,0.236741,-0.255721,-0.0189806,-0.000545335,-0.000356088
31750,63.5,0.235458,-0.254466,-0.0190082,-0.000571985,-0.000335035
31800,63.6,0.234243,-0.253264,-0.0190205,-0.000579402,-0.000345562
31850,63.7,0.233283,-0.252294,-0.0190115,-0.000573513,-0.000356588
31900,63.8,0.23283,-0.251821,-0.0189915,-0.000576002,-0.000378006
31950,63.9,0.232663,-0.251646,-0.018983,-0.000573198,-0.00039822
32000,64,0.232386,-0.251369,-0.0189826,-0.000567979,-0.000421922
32050,64.1,0.231944,-0.250925,-0.0189803,-0.000580064,-0.000422
32100,64.2,0.231362,-0.250355,-0.0189932,-0.000571255,-0.000435297
32150,64.3,0.23113,-0.250139,-0.0190091,-0.000568464,-0.000464485
32200,64.4,0.231451,-0.25046,-0.0190088,-0.000564453,-0.000507195
32250,64.5,0.23259,-0.251575,-0.018985,-0.000559145,-0.000520785
32300,64.6,0.234547,-0.253518,-0.0189704,-0.000557237,-0.000543229
32350,64.7,0.237249,-0.256205,-0.0189554,-0.000551402,-0.000557863
32400,64.8,0.240275,-0.25921,-0.0189359,-0.000539884,-0.000558683
32450,64.9,0.243114,-0.262034,-0.0189199,-0.000509864,-0.000552082
32500,65,0.245789,-0.264692,-0.0189037,-0.000486398,-0.0005307
32550,65.1,0.248364,-0.267257,-0.0188931,-0.000455125,-0.000520754
32600,65.2,0.251046,-0.269925,-0.0188788,-0.000477425,-0.000511644
32650,65.3,0.253663,-0.272528,-0.0188644,-0.000490052,-0.000501479
32700,65.4,0.256035,-0.274909,-0.018874,-0.000490049,-0.000529926
32750,65.5,0.257748,-0.27661,-0.0188613,-0.000503496,-0.000529694
32800,65.6,0.258311,-0.277181,-0.0188692,-0.000473686,-0.000522636
32850,65.7,0.257829,-0.276723,-0.0188932,-0.000477208,-0.000540202
32900,65.8,0.256612,-0.275531,-0.0189193,-0.000475247,-0.00055705
32950,65.9,0.254731,-0.273667,-0.0189356,-0.000458737,-0.000575636
33000,66,0.252514,-0.271447,-0.0189323,-0.000452048,-0.000585988
33050,66.1,0.25023,-0.269147,-0.0189173,-0.000430601,-0.000602512
33100,66.2,0.248083,-0.266989,-0.0189064,-0.000417523,-0.000609412
33150,66.3,0.245952,-0.264863,-0.0189114,-0.000407104,-0.000605488
33200,66.4,0.244011,-0.26293,-0.0189188,-0.000410229,-0.000605022
33250,66.5,0.242273,-0.261186,-0.0189135,-0.00041615,-0.000614519
33300,66.6,0.240637,-0.259548,-0.0189105,-0.000422147,-0.000610063
33350,66.7,0.239189,-0.25811,-0.0189214,-0.000390804,-0.000630305
33400,66.8,0.237844,-0.256765,-0.0189204,-0.000360777,-0.000648646
33450,66.9,0.236916,-0.25584,-0.0189234,-0.000334093,-0.000643816
33500,67,0.236523,-0.255438,-0.0189154,-0.000343658,-0.000646768
33550,67.1,0.236438,-0.255361,-0.0189233,-0.000356026,-0.000632819
33600,67.2,0.236534,-0.255458,-0.0189238,-0.000340054,-0.00063283
33650,67.3,0.237064,-0.255984,-0.0189201,-0.000339354,-0.000651164
33700,67.4,0.237916,-0.256853,-0.0189377,-0.000327415,-0.000649898
33750,67.5,0.239174,-0.258135,-0.0189607,-0.000323086,-0.000632806
33800,67.6,0.240664,-0.259631,-0.0189671,-0.000316058,-0.000608225
33850,67.7,0.242023,-0.260984,-0.0189614,-0.00032669,-0.000595054
33900,67.8,0.243326,-0.26228,-0.0189535,-0.000319098,-0.000598888
33950,67.9,0.244558,-0.263513,-0.0189548,-0.000320771,-0.000577677
34000,68,0.245278,-0.264219,-0.018941,-0.000332127,-0.000564982
34050,68.1,0.245063,-0.264012,-0.018949,-0.000342398,-0.000572772
34100,68.2,0.244308,-0.263256,-0.0189479,-0.000361166,-0.000582835
34150,68.3,0.243389,-0.262343,-0.018954,-0.000374588,-0.000601857
34200,68.4,0.242567,-0.261528,-0.018961,-0.000363797,-0.000581947
34250,68.5,0.242027,-0.260986,-0.0189592,-0.000348218,-0.00056948
34300,68.6,0.241716,-0.260679,-0.0189627,-0.00033953,-0.000569236
34350,68.7,0.241836,-0.260804,-0.0189685,-0.000347941,-0.000552791
34400,68.8,0.242287,-0.261253,-0.0189663,-0.00036405,-0.000549178
34450,68.9,0.242875,-0.261818,-0.0189426,-0.00037004,-0.000540921
34500,69,0.243345,-0.262288,-0.0189428,-0.000389187,-0.000554211
34550,69.1,0.243711,-0.262641,-0.0189302,-0.000377875,-0.00056008
34600,69.2,0.244237,-0.263156,-0.0189187,-0.00037769,-0.000550765
34650,69.3,0.2452,-0.264127,-0.0189277,-0.000372938,-0.00054737
34700,69.4,0.246486,-0.265423,-0.0189367,-0.000367698,-0.000533459
34750,69.5,0.247778,-0.266725,-0.018947,-0.000364062,-0.000530274
34800,69.6,0.248681,-0.267614,-0.0189328,-0.000352542,-0.000538153
34850,69.7,0.249049,-0.267971,-0.0189221,-0.000353691,-0.000540679
34900,69.8,0.249039,-0.267955,-0.0189156,-0.000381195,-0.00053205
34950,69.9,0.248842,-0.267756,-0.0189139,-0.000384442,-0.000521927
35000,70,0.248485,-0.267398,-0.0189125,-0.00037931,-0.000520863
35050,70.1,0.248108,-0.267005,-0.0188972,-0.000359986,-0.000497984
35100,70.2,0.247992,-0.266894,-0.0189016,-0.000360559,-0.000496654
35150,70.3,0.247936,-0.266823,-0.0188876,-0.000361453,-0.000501862
35200,70.4,0.247306,-0.266201,-0.0188943,-0.000344223,-0.000504189
35250,70.5,0.246084,-0.265001,-0.0189169,-0.000325372,-0.000487524
35300,70.6,0.244681,-0.263594,-0.0189128,-0.000305054,-0.000488142
35350,70.7,0.243479,-0.262385,-0.0189064,-0.00027046,-0.000481911
35400,70.8,0.242564,-0.261457,-0.0188931,-0.000276453,-0.000500217
35450,70.9,0.241907,-0.260816,-0.0189085,-0.000325037,-0.000520044
35500,71,0.241455,-0.260376,-0.0189202,-0.000342081,-0.000516124
35550,71.1,0.240771,-0.259681,-0.0189102,-0.000319792,-0.000494974
35600,71.2,0.239869,-0.258768,-0.0188988,-0.000310175,-0.000476765
35650,71.3,0.238975,-0.257879,-0.0189043,-0.000307048,-0.000463755
35700,71.4,0.238402,-0.257307,-0.0189054,-0.00032379,-0.00045464
35750,71.5,0.238213,-0.257112,-0.0188981,-0.00033791,-0.000465695
35800,71.6,0.238349,-0.257242,-0.0188929,-0.000345335,-0.00048324
35850,71.7,0.238389,-0.257272,-0.0188832,-0.000355524,-0.00047829
35900,71.8,0.237984,-0.256851,-0.0188669,-0.000375208,-0.000485703
35950,71.9,0.237282,-0.256138,-0.0188561,-0.000380367,-0.000487054
36000,72,0.236692,-0.255538,-0.0188458,-0.000395048,-0.000498665
36050,72.1,0.236509,-0.255342,-0.0188332,-0.000402191,-0.00050882
36100,72.2,0.236844,-0.255673,-0.0188293,-0.00039888,-0.000507034
36150,72.3,0.237642,-0.256454,-0.0188113,-0.000394579,-0.000542102
36200,72.4,0.238556,-0.257376,-0.0188199,-0.000393324,-0.000559933
36250,72.5,0.239387,-0.258217,-0.0188301,-0.000366369,-0.000562169
36300,72.6,0.240435,-0.259278,-0.018843,-0.000367834,-0.000566473
36350,72.7,0.241603,-0.260423,-0.0188202,-0.000369981,-0.000584708
36400,72.8,0.242857,-0.261669,-0.0188115,-0.000344047,-0.000594349
36450,72.9,0.244366,-0.263174,-0.0188074,-0.000335377,-0.000570912
36500,73,0.245805,-0.264606,-0.0188003,-0.000343818,-0.000546388
36550,73.1,0.247127,-0.265933,-0.0188064,-0.00035538,-0.000534844
36600,73.2,0.248538,-0.267352,-0.0188138,-0.000360422,-0.000535707
36650,73.3,0.250381,-0.269193,-0.0188123,-0.000322246,-0.000540138
36700,73.4,0.252354,-0.271165,-0.0188115,-0.000308107,-0.000546908
36750,73.5,0.254141,-0.272948,-0.0188066,-0.00029426,-0.000538295
36800,73.6,0.255624,-0.274403,-0.0187793,-0.000281816,-0.000539999
36850,73.7,0.256428,-0.275194,-0.0187659,-0.000317347,-0.000526092
36900,73.8,0.256209,-0.274974,-0.018765,-0.000306449,-0.000549494
36950,73.9,0.254801,-0.27357,-0.0187682,-0.000311067,-0.000554271
37000,74,0.252369,-0.271133,-0.0187636,-0.000329832,-0.000549315
37050,74.1,0.249133,-0.267899,-0.0187661,-0.000328775,-0.000554314
37100,74.2,0.245393,-0.264148,-0.0187551,-0.000362321,-0.00056746
37150,74.3,0.241519,-0.260274,-0.0187557,-0.000377089,-0.000582383
37200,74.4,0.238094,-0.256861,-0.0187666,-0.000358275,-0.000595469
37250,74.5,0.235465,-0.254236,-0.0187713,-0.000323525,-0.000588127
37300,74.6,0.233695,-0.252482,-0.0187868,-0.00029896,-0.000563825
37350,74.7,0.232821,-0.25162,-0.0187996,-0.000277218,-0.00055584
37400,74.8,0.232904,-0.251695,-0.018791,-0.000264213,-0.000562098
37450,74.9,0.23394,-0.252737,-0.0187974,-0.000227026,-0.000554074
37500,75,0.235674,-0.254451,-0.0187767,-0.000228734,-0.000557203
37550,75.1,0.238254,-0.257025,-0.0187708,-0.000218581,-0.0005778
37600,75.2,0.241651,-0.260416,-0.0187653,-0.000194614,-0.000588939
37650,75.3,0.245266,-0.264047,-0.0187808,-0.000191833,-0.000578532
37700,75.4,0.24866,-0.267434,-0.0187732,-0.000173408,-0.000589522
37750,75.5,0.251631,-0.270406,-0.0187748,-0.000179235,-0.000603667
37800,75.6,0.253868,-0.272666,-0.0187976,-0.000170958,-0.000594027
37850,75.7,0.254808,-0.273611,-0.018803,-0.000174506,-0.000584854
37900,75.8,0.254317,-0.273111,-0.0187936,-0.00017119,-0.000585637
37950,75.9,0.252758,-0.271547,-0.0187882,-0.000181662,-0.000568151
38000,76,0.250569,-0.269357,-0.018788,-0.000132961,-0.000564762
38050,76.1,0.248143,-0.266947,-0.0188046,-0.00014142,-0.000557669
38100,76.2,0.245775,-0.264596,-0.0188211,-0.000134827,-0.000548362
38150,76.3,0.243561,-0.262391,-0.0188293,-0.000145958,-0.000545131
38200,76.4,0.24162,-0.260453,-0.0188328,-0.000171646,-0.000541614
38250,76.5,0.239567,-0.258382,-0.0188156,-0.000180662,-0.000536284
38300,76.6,0.237362,-0.256166,-0.0188046,-0.000139066,-0.000500749
38350,76.7,0.235493,-0.2543,-0.0188066,-0.000112696,-0.000472284
38400,76.8,0.234353,-0.253163,-0.0188095,-9.60461e-05,-0.000468629
38450,76.9,0.23409,-0.252909,-0.0188195,-9.71097e-05,-0.000455955
38500,77,0.234608,-0.253428,-0.0188207,-7.47009e-05,-0.000461039
38550,77.1,0.235577,-0.254382,-0.0188056,-8.51342e-05,-0.000442186
38600,77.2,0.236679,-0.255489,-0.0188103,-0.000110935,-0.000441554
38650,77.3,0.238177,-0.256996,-0.0188183,-0.000109984,-0.000478368
38700,77.4,0.239657,-0.25849,-0.0188328,-0.000114366,-0.000513581
38750,77.5,0.240522,-0.259374,-0.0188513,-9.85754e-05,-0.000524968
38800,77.6,0.240449,-0.2593,-0.0188513,-9.72561e-05,-0.000522479
38850,77.7,0.239821,-0.258683,-0.0188615,-0.000113262,-0.000539878
38900,77.8,0.238801,-0.257674,-0.0188739,-0.000130368,-0.000561237
38950,77.9,0.237866,-0.256738,-0.0188714,-0.000152632,-0.000554953
39000,78,0.237275,-0.256151,-0.018876,-0.000148581,-0.000537416
39050,78.1,0.237131,-0.255995,-0.0188631,-0.000153629,-0.000527936
39100,78.2,0.237643,-0.256482,-0.0188395,-0.000144228,-0.000517214
39150,78.3,0.238817,-0.25766,-0.0188428,-0.000140481,-0.000515304
39200,78.4,0.240659,-0.259501,-0.0188422,-0.000159763,-0.000534931
39250,78.5,0.243014,-0.261866,-0.0188525,-0.000159296,-0.00054464
39300,78.6,0.245964,-0.264797,-0.0188326,-0.000172475,-0.000554561
39350,78.7,0.249081,-0.2679,-0.0188189,-0.000163943,-0.000557069
39400,78.8,0.252106,-0.270921,-0.018815,-0.000161339,-0.000537691
39450,78.9,0.255029,-0.273856,-0.0188277,-0.00015604,-0.000528685
39500,79,0.257553,-0.276392,-0.0188388,-0.000144649,-0.000506115
39550,79.1,0.259458,-0.278314,-0.0188557,-0.000145317,-0.000478508
39600,79.2,0.260655,-0.279514,-0.0188588,-0.000138574,-0.000451597
39650,79.3,0.260691,-0.279556,-0.0188657,-0.000113362,-0.000442555
39700,79.4,0.259912,-0.278786,-0.0188745,-0.000101457,-0.000448026
39750,79.5,0.258769,-0.277653,-0.0188842,-6.65947e-05,-0.000429359
39800,79.6,0.256965,-0.275881,-0.0189162,-6.94217e-05,-0.000413794
39850,79.7,0.254537,-0.273453,-0.0189162,-8.2509e-05,-0.000420714
39900,79.8,0.251736,-0.270661,-0.0189249,-8.17012e-05,-0.000435208
39950,79.9,0.248876,-0.267818,-0.0189425,-5.49126e-05,-0.000419486
40000,80,0.246034,-0.264974,-0.0189405,-3.47063e-05,-0.00040171
